Name,Purpose
Hughes Ltd,Down-sized client-server archive for drive interactive experiences
Woods and Sons,Self-enabling intangible initiative for deliver clicks-and-mortar markets
"Bentley, Kim and Jones",Total attitude-oriented conglomeration for synergize plug-and-play content
"Smith, Johnson and Bean",Exclusive coherent implementation for transform robust models
"Torres, Monroe and Wiggins",Configurable analyzing attitude for exploit holistic experiences
"Potter, Thompson and Navarro",Organized object-oriented Local Area Network for streamline proactive metrics
Robbins-Allen,Reactive background groupware for integrate turn-key interfaces
Duncan Inc,Managed didactic open architecture for facilitate 24/365 action-items
Webb-Sexton,Cross-platform exuding open architecture for monetize real-time eyeballs
Case and Sons,Multi-lateral systemic functionalities for unleash transparent interfaces
Smith-Hodge,Diverse user-facing frame for incubate B2B schemas
"Cox, Davis and Martin",Ergonomic intangible flexibility for target value-added synergies
Porter Inc,Mandatory asymmetric secured line for synthesize out-of-the-box platforms
Martin-James,Grass-roots bifurcated system engine for cultivate bleeding-edge architectures
James Group,Re-contextualized context-sensitive collaboration for orchestrate user-centric platforms
"Goodwin, Reed and Ramirez",Balanced reciprocal capacity for generate best-of-breed networks
"Mccann, Harris and Krause",Automated fault-tolerant project for seize global metrics
"Wright, Harrison and Turner",Digitized user-facing project for scale frictionless content
Myers Group,Progressive impactful matrix for monetize out-of-the-box web-readiness
Romero-Harris,Organic incremental encoding for leverage transparent e-commerce
Young Inc,Centralized object-oriented installation for architect compelling schemas
Dean-Garcia,Focused contextually-based structure for iterate viral synergies
"Bailey, Vasquez and Davies",Customer-focused zero administration instruction set for deliver holistic e-markets
Williams-Hughes,Organic intermediate Graphic Interface for re-contextualize leading-edge methodologies
Lambert-White,Multi-lateral homogeneous conglomeration for enable dot-com communities
Beltran-Tanner,Monitored composite monitoring for transform customized metrics
"Shaw, Lynch and Joseph",Visionary reciprocal application for harness out-of-the-box info-mediaries
Sanders-Norris,Function-based contextually-based firmware for innovate synergistic networks
Roberts-Rice,Fully-configurable regional support for facilitate innovative functionalities
Valentine Group,Enhanced dedicated utilization for drive leading-edge e-commerce
Trujillo-Higgins,Business-focused static utilization for deploy innovative applications
Sweeney and Sons,Monitored solution-oriented architecture for brand sticky deliverables
Pugh and Sons,Persistent transitional solution for morph sticky synergies
Mendoza-Pugh,Monitored 6thgeneration project for drive e-business portals
"Cook, Page and Ford",Operative 4thgeneration emulation for mesh best-of-breed channels
Roman Group,Open-source 4thgeneration hub for deliver cutting-edge content
"Harrison, Martin and Jones",Synergized maximized product for maximize virtual content
Miller-Berger,Re-contextualized well-modulated Graphic Interface for cultivate turn-key markets
Morgan-Taylor,Versatile multi-state alliance for harness visionary models
"Morgan, Taylor and Contreras",Customer-focused leadingedge intranet for transition rich solutions
Benson-Cummings,Virtual background hardware for scale efficient architectures
Bradshaw-Jordan,Fully-configurable asymmetric core for seize dynamic convergence
Wheeler-Vazquez,Organized leadingedge budgetary management for harness magnetic web-readiness
Caldwell Inc,Robust dedicated budgetary management for architect viral deliverables
"Garcia, Hines and Brown",Assimilated well-modulated synergy for synergize one-to-one channels
"Skinner, Bond and Lozano",Integrated motivating leverage for engage plug-and-play platforms
"Romero, Bauer and Ford",Multi-lateral actuating forecast for matrix leading-edge e-business
Morgan Ltd,Horizontal reciprocal circuit for unleash cross-media supply-chains
Richardson Ltd,Intuitive well-modulated throughput for monetize customized synergies
Wallace Group,Ameliorated context-sensitive methodology for engage end-to-end partnerships
Villanueva LLC,Virtual next generation website for productize seamless schemas
"Farmer, Lang and Johnson",Function-based tangible projection for deploy turn-key systems
Smith-Graves,Cross-group human-resource core for synergize compelling models
Rodriguez Inc,Decentralized reciprocal challenge for iterate visionary ROI
Glass Ltd,Enhanced eco-centric workforce for repurpose sticky architectures
"Jones, Duncan and Nichols",Realigned zero-defect algorithm for engineer global infrastructures
"Santos, Anderson and Williams",Ergonomic context-sensitive focus group for revolutionize frictionless ROI
Wilson-Hines,Switchable multi-state task-force for disintermediate leading-edge experiences
"Little, King and Sutton",Down-sized cohesive paradigm for engineer transparent communities
Mccormick LLC,Reduced maximized ability for exploit impactful relationships
"Moran, Marquez and Thomas",Virtual background moderator for streamline web-enabled web-readiness
Maynard-Reyes,Total solution-oriented budgetary management for harness user-centric solutions
Woods-Miller,Advanced explicit support for aggregate revolutionary web services
King LLC,Cross-group dedicated circuit for engage plug-and-play web services
Roth Inc,Balanced contextually-based moratorium for productize revolutionary portals
Warner and Sons,Decentralized even-keeled secured line for facilitate seamless channels
Peters-Gutierrez,User-centric multi-state productivity for maximize collaborative experiences
"Phillips, Ortiz and Bryan",Up-sized motivating matrix for incubate proactive systems
"Haas, Gonzales and Browning",Ameliorated incremental extranet for unleash virtual info-mediaries
Edwards LLC,Innovative needs-based contingency for mesh B2B experiences
"Gomez, Hunter and Baldwin",Upgradable discrete monitoring for maximize wireless applications
Sutton-Macdonald,Re-engineered directional artificial intelligence for e-enable back-end e-business
"Davis, Benton and Bradshaw",Customer-focused composite solution for harness compelling e-markets
Santiago LLC,Optional neutral database for facilitate e-business niches
"Collins, Johnson and Rocha",Cross-group stable Graphical User Interface for embrace extensible initiatives
Weiss Group,De-engineered maximized installation for cultivate proactive e-services
"Mejia, Sawyer and Howard",Fundamental national moratorium for enhance transparent e-business
"Silva, Maldonado and Anderson",Public-key zero tolerance success for utilize cutting-edge action-items
Walker Inc,Organized needs-based concept for disintermediate web-enabled convergence
Clarke Inc,Optimized interactive methodology for engage front-end convergence
"Bentley, Golden and Savage",Total transitional moderator for re-intermediate bricks-and-clicks platforms
"Daniels, Kim and Malone",Reduced demand-driven installation for synergize bricks-and-clicks web-readiness
"Adams, Edwards and Johnson",Advanced maximized artificial intelligence for benchmark e-business users
Duncan and Sons,Customizable coherent workforce for grow B2B networks
Smith LLC,Persistent intangible core for expedite revolutionary metrics
Vargas-Johnson,Expanded cohesive ability for synergize granular e-tailers
"Miller, Lee and Hernandez",Balanced value-added Graphic Interface for enable customized content
Guzman-Thompson,Streamlined explicit productivity for cultivate interactive methodologies
Long Ltd,Grass-roots 24hour framework for monetize global deliverables
Browning-Sims,User-friendly tertiary application for transition robust bandwidth
Hill-Morris,Persevering non-volatile support for extend sticky channels
Doyle PLC,Enhanced bottom-line orchestration for mesh distributed eyeballs
"Gentry, Wiggins and Love",Assimilated transitional toolset for generate proactive partnerships
"Martin, Cobb and Moreno",Focused secondary secured line for grow robust e-business
Black Ltd,Devolved fault-tolerant approach for empower cross-platform platforms
Brown and Sons,Monitored high-level info-mediaries for reinvent holistic e-commerce
Ellis PLC,Total intangible functionalities for redefine cross-media schemas
Mack-Sims,Cross-group fresh-thinking Internet solution for engineer bricks-and-clicks relationships
Spencer Group,Intuitive scalable architecture for drive wireless relationships
Padilla-Graham,Enterprise-wide object-oriented architecture for leverage 24/7 ROI
"Johns, Johnson and Dalton",Adaptive fresh-thinking array for enhance cross-platform initiatives
Rodriguez PLC,Upgradable motivating support for reinvent customized deliverables
Boone-Stark,Integrated value-added access for orchestrate robust web services
Skinner Inc,Automated value-added attitude for aggregate impactful e-business
Dalton PLC,Re-contextualized high-level analyzer for extend holistic platforms
Lloyd PLC,Seamless asynchronous emulation for e-enable compelling relationships
"Adams, Gordon and Williams",Business-focused value-added methodology for seize efficient niches
Carpenter LLC,Progressive homogeneous info-mediaries for leverage cutting-edge web-readiness
Hale-Mclaughlin,Organic optimizing throughput for embrace bricks-and-clicks channels
Gutierrez LLC,Seamless heuristic algorithm for cultivate cutting-edge mindshare
"Vargas, Jones and White",Enhanced mobile customer loyalty for orchestrate cutting-edge portals
Henderson-Galloway,Robust fresh-thinking Local Area Network for iterate B2C partnerships
Ponce and Sons,Seamless well-modulated knowledge user for harness value-added content
"Moore, Petty and Nelson",Extended background monitoring for engage vertical interfaces
Berger-Johnson,Optional composite standardization for orchestrate distributed systems
Rogers-Patton,Innovative client-driven info-mediaries for integrate cutting-edge ROI
"Frey, Holden and Roberts",Object-based dynamic attitude for innovate B2C channels
Cook-Owen,Extended tertiary help-desk for incentivize visionary relationships
Miller Inc,Open-source background open system for extend sticky bandwidth
Edwards-Brown,Cross-group global solution for grow e-business action-items
Winters Group,Polarized transitional structure for strategize granular networks
"Quinn, Smith and Adams",User-friendly upward-trending product for streamline best-of-breed content
Best-Ray,Re-engineered radical moratorium for target clicks-and-mortar action-items
"Murphy, Crane and Malone",Pre-emptive methodical website for harness global initiatives
Trevino-Maxwell,Upgradable intermediate Local Area Network for grow impactful deliverables
"Holder, Smith and Thornton",Automated composite encoding for expedite virtual mindshare
"Wilson, Martin and Curtis",Persistent even-keeled groupware for envisioneer ubiquitous e-tailers
"Snyder, Shaw and Taylor",User-centric directional approach for deploy granular supply-chains
Lopez-Barrett,Programmable zero administration budgetary management for leverage wireless methodologies
"Thomas, Willis and Smith",Cross-group zero tolerance capability for empower efficient content
"Kemp, Thompson and Smith",Implemented demand-driven portal for e-enable revolutionary metrics
Leach-Reynolds,Ergonomic homogeneous secured line for optimize robust applications
Rivera-Rodriguez,Persevering background archive for engineer cutting-edge web services
"Tran, Salas and Mason",Upgradable global migration for envisioneer global web services
Campbell and Sons,Synergistic client-server Graphical User Interface for transition rich relationships
Krueger LLC,Vision-oriented human-resource knowledge user for utilize bleeding-edge mindshare
"Young, Leonard and Dawson",Multi-layered actuating data-warehouse for enable dot-com paradigms
"Wyatt, Perry and Everett",Team-oriented motivating groupware for deploy enterprise initiatives
Gould-Kennedy,Synchronized transitional instruction set for aggregate rich web-readiness
Dalton-Carlson,Cross-group high-level projection for generate next-generation eyeballs
Morales-Hardy,Balanced 5thgeneration policy for matrix one-to-one communities
Osborne-Rivera,Persevering bifurcated benchmark for deliver robust e-business
Reed Group,Decentralized 24/7 adapter for streamline collaborative deliverables
Miller-Lindsey,Team-oriented needs-based neural-net for disintermediate dynamic content
Gonzales-Anthony,Universal web-enabled workforce for whiteboard killer systems
Brandt-Davis,Ameliorated user-facing service-desk for re-intermediate strategic e-commerce
Garza and Sons,Profit-focused background initiative for matrix killer action-items
Yoder-Hammond,Right-sized directional open architecture for expedite end-to-end e-markets
Alvarado-Cole,Phased next generation collaboration for orchestrate visionary relationships
"Bird, Griffin and Foster",Persistent neutral collaboration for e-enable revolutionary paradigms
Oliver and Sons,Multi-tiered systematic application for facilitate turn-key e-commerce
Anderson-Blake,Configurable 5thgeneration info-mediaries for revolutionize e-business content
"Callahan, Martinez and Hamilton",Right-sized cohesive groupware for engage granular ROI
Buchanan-Mejia,De-engineered bi-directional firmware for architect wireless channels
Miller-Hughes,Expanded 4thgeneration concept for streamline cross-platform info-mediaries
"Marsh, Tate and Young",Proactive composite capacity for orchestrate 24/7 convergence
"Washington, Armstrong and Rogers",Self-enabling system-worthy matrices for incentivize killer mindshare
"Clark, Rosales and Barnes",Business-focused multi-state circuit for implement strategic systems
Hines PLC,Enhanced explicit framework for scale turn-key action-items
"Porter, Russell and Mcdowell",Self-enabling encompassing Graphic Interface for re-intermediate integrated action-items
Curtis LLC,Realigned neutral moratorium for optimize user-centric e-tailers
Weber PLC,Synchronized mission-critical access for embrace dynamic bandwidth
"Doyle, Henderson and Moore",Team-oriented maximized implementation for exploit frictionless bandwidth
"Krause, Perez and Rangel",Multi-lateral explicit workforce for incentivize plug-and-play web services
"Garcia, Terry and Williams",Balanced exuding standardization for expedite virtual experiences
Evans-Coleman,Ergonomic client-driven frame for architect intuitive deliverables
Diaz-Baker,Organic logistical monitoring for expedite 24/365 initiatives
Hendricks-Williams,Customizable radical solution for revolutionize proactive supply-chains
Carter-Shannon,Universal national circuit for aggregate B2C methodologies
Jacobson-Carter,Devolved heuristic encoding for disintermediate front-end ROI
Turner-Gamble,Realigned intangible functionalities for evolve compelling e-markets
Neal-Thornton,Focused mission-critical project for matrix bricks-and-clicks portals
Reyes-Gonzalez,Profound neutral task-force for leverage collaborative synergies
Stokes LLC,Automated composite adapter for morph integrated vortals
"White, Conrad and Mercado",Open-architected didactic Internet solution for aggregate one-to-one web-readiness
"Garcia, Johnson and Olson",De-engineered bottom-line standardization for empower next-generation portals
"Robinson, Carter and Diaz",Function-based clear-thinking attitude for expedite one-to-one e-tailers
Tate Inc,Ameliorated static collaboration for orchestrate dynamic e-services
Jordan PLC,Vision-oriented real-time task-force for embrace rich bandwidth
Gonzalez-Jones,Function-based mission-critical budgetary management for morph granular methodologies
"Nunez, James and Gross",Assimilated dynamic flexibility for visualize intuitive markets
Randall and Sons,Up-sized real-time database for strategize scalable bandwidth
"Beck, Dickerson and Tran",Enterprise-wide upward-trending migration for engineer collaborative interfaces
Matthews-Smith,Networked grid-enabled projection for enable ubiquitous convergence
"Valdez, Walker and Davis",Multi-layered user-facing instruction set for seize plug-and-play web services
Austin PLC,Cross-platform local knowledge user for scale visionary methodologies
Lucas-Steele,Advanced scalable help-desk for enable cross-media models
Merritt-Brown,Open-architected disintermediate adapter for matrix collaborative info-mediaries
Williams Ltd,Centralized bifurcated capacity for reinvent rich schemas
Mays Ltd,Extended transitional software for innovate global action-items
Carrillo-Roach,Stand-alone regional complexity for incubate collaborative vortals
"Campbell, Newman and Smith",Advanced empowering success for extend customized ROI
Mccarty LLC,Synchronized contextually-based info-mediaries for strategize value-added channels
Stewart Group,Visionary web-enabled collaboration for implement innovative info-mediaries
"Campbell, Ortiz and Campbell",Optimized maximized analyzer for streamline best-of-breed e-markets
"Lee, Carroll and Hanson",User-centric mission-critical knowledge user for re-intermediate 24/7 schemas
"Mcfarland, Lopez and Harvey",Balanced asynchronous contingency for revolutionize user-centric e-tailers
Olsen-Arnold,Proactive fresh-thinking flexibility for enhance next-generation functionalities
Bell-Austin,Cross-group dynamic service-desk for evolve holistic initiatives
"Clark, Morrison and Shaffer",Visionary global task-force for generate next-generation action-items
"Smith, Mcgee and Wilcox",Distributed transitional projection for iterate global niches
